change_point_date,change_point_index,mean_before,mean_after,mean_change_absolute,mean_change_percent,variance_before,variance_after,variance_change_percent,volatility_before,volatility_after,volatility_change_percent,t_statistic,p_value,effect_size_cohens_d,mean_diff_ci_lower,mean_diff_ci_upper,statistical_significance
1987-07-30,50,19.2236,48.58369490012276,29.360094900122757,152.7294310125198,0.3843990204081632,1081.0266590136,281125.1336815953,0.1406759091475305,0.40627799367026407,188.80424241238757,-81.96003488318055,0.0,0.8954124307966315,28.65789338373919,30.062296416506324,Significant
1987-10-09,101,18.956534653465347,48.75477665544333,29.798242001977982,157.19245393055382,0.5383548712871284,1082.0686054445553,200895.41457802473,0.1946126383305766,0.4070573813638174,109.16287084725398,-83.69020490297358,0.0,0.9109317633917935,29.100294986861012,30.496189017094952,Significant
1987-12-21,152,18.604276315789473,48.93236482672988,30.328088510940407,163.01676021227937,0.8554551019518994,1082.7839160484173,126474.02049246298,0.21965221795204778,0.40772797170334024,85.62433628252788,-84.8185801719551,0.0,0.9294834726324109,29.62718137243608,31.028995649444735,Significant
1988-03-17,211,17.84829383886256,49.15382727272726,31.305533433864703,175.39790478852711,2.4540504084856685,1082.6705728943577,44017.6990150926,0.27325467160462985,0.40792616370725976,49.284241441070435,-85.30994828070568,0.0,0.9626819520414005,30.586203932206622,32.02486293552278,Significant
1988-05-31,262,17.52969465648855,49.34585552634587,31.81616086985732,181.4986598074068,2.4782581439560114,1082.616540160195,43584.57510370684,0.2692316653074887,0.40867065622155774,51.79145281994083,-87.17549932064439,0.0,0.9812496641745168,31.1007430181592,32.53157872155544,Significant
1988-08-10,313,17.15712460063898,49.54581398022535,32.38868937958637,188.77690833101556,2.8701218337838945,1082.1022764961506,37602.31157990721,0.28303638875238024,0.40899785171950964,44.50362849892392,-88.61884493350252,0.0,1.0020562855932418,31.6722594314078,33.10511932776494,Significant
1988-10-25,367,16.608555858310627,49.77144030541416,33.162884447103536,199.67349798513288,4.368418947007936,1080.6549688497278,24637.896753009492,0.31070905417899813,0.40880637579532064,31.572083367679742,-89.62255137877126,0.0,1.0298586928009592,32.43754476615912,33.88822412804795,Significant
1989-01-06,418,16.302679425837322,49.98314325613872,33.68046383030139,206.5946520234144,4.7681261367939145,1079.4597771416027,22539.07762027938,0.332212986012111,0.40851368153306106,22.967403061772078,-90.9858121304987,0.0,1.0495894192260369,32.954841180626644,34.40608647997614,Significant
1989-03-20,469,16.413944562899786,50.17812339030672,33.76417882740694,205.70423336096582,4.399893167860332,1079.496438030435,24434.60565624129,0.3286944776763801,0.40909311596357306,24.459990583215806,-91.63803255232136,0.0,1.0553123635988022,33.041929945978936,34.48642770883494,Significant
1989-06-02,520,16.71251923076923,50.36263808738664,33.65011885661741,201.34677717925706,4.899323313694976,1080.2713080691215,21949.398231169223,0.3353042564105373,0.4092007674076632,22.03864388367592,-91.03034549272905,0.0,1.0544947834627223,32.925504633999616,34.374733079235206,Significant
1989-08-14,571,16.775586690017516,50.56170734597157,33.78612065595405,201.40053090398817,4.556930663962885,1080.1974992175785,23604.4971467307,0.32888298472490035,0.40995438007507956,24.650528946638186,-91.62690322431779,0.0,1.061983281566795,33.06331463339009,34.50892667851801,Significant
1989-10-24,622,16.870209003215436,50.760090594826565,33.88988159161113,200.88596166859443,4.336785946585478,1080.2474543074807,24808.941036345175,0.3184771567236179,0.4110097231208883,29.054694958097837,-91.98418979581787,0.0,1.068446983682383,33.167671909165065,34.61209127405719,Significant
1990-01-22,683,17.127510980966324,50.98722142170989,33.85971044074357,197.69194997668728,4.766509924732614,1081.053758364801,22580.195267304403,0.3169644435141708,0.41169429667312124,29.8865866810437,-91.5500828943573,0.0,1.0709648172437098,33.134722236590605,34.584698644896534,Significant
1990-04-03,734,17.277234332425067,51.18257581249245,33.905341480067385,196.24287561137896,4.803147729460877,1081.4770473518217,22416.006341391683,0.3103214225773523,0.4126701937766312,32.981535837657795,-91.53438073789127,0.0,1.075479462045908,33.17925171070671,34.63143124942806,Significant
1990-06-18,785,17.202280254777072,51.39993678580112,34.197656531024045,198.79722934712308,4.620421707071363,1080.509567874423,23285.518387223146,0.31454538973253693,0.41289906998282033,31.268517505189042,-92.31192171467511,0.0,1.0885888628662352,33.471475338945545,34.923837723102544,Significant
1990-08-28,836,17.401746411483256,51.59288195718655,34.19113554570329,196.4810584938812,6.813766766753574,1081.0555686935513,15765.755399324027,0.34518951428265215,0.410954867482629,19.051955658805465,-91.2527530815333,0.0,1.0913667669910847,33.45666566422787,34.92560542717871,Significant
1990-11-07,887,18.402096956031567,51.69830256031511,33.29620560428354,180.93701866607222,23.81326850977628,1085.9555417077813,4460.296043619355,0.3839796715798207,0.40750178393088565,6.125874386601537,-83.10570757347614,0.0,1.0627963069923738,32.510842787387645,34.08156842117944,Significant
1991-01-21,938,18.98692963752665,51.84069490895578,32.85376527142913,173.0335862544907,29.14798821489442,1089.5081203916702,3637.85014718422,0.461934016506882,0.3982138386245654,-13.794216404361137,-80.62871022206699,0.0,1.0498912528959874,32.0550318080619,33.65249873479637,Significant
1991-05-03,1011,19.020870425321462,52.13619624999999,33.11532582467853,174.09994960374618,27.13684320200566,1089.782968265019,3915.8796664472534,0.4625946595066702,0.39748844165101305,-14.074139533968918,-82.00670801882593,0.0,1.0629131849043134,32.32376171146489,33.90688993789217,Significant
1991-07-16,1062,19.006346516007532,52.35060133350107,33.344254817493535,175.43747710487295,25.854179476420462,1089.5616283248146,4114.257231866581,0.45346677794824775,0.398436500221646,-12.13545961968621,-82.99475705327248,0.0,1.0737859625229582,32.556707238559625,34.131802396427446,Significant
1991-09-25,1113,19.050557053009882,52.559685996454796,33.509128943444914,175.89579585627212,24.718810480779794,1089.7821998760633,4308.7161909487,0.44645793768329095,0.39917519097090337,-10.59063860701903,-83.72280771108066,0.0,1.0824505167946403,32.72456960355972,34.293688283330106,Significant
1991-12-05,1164,19.157929553264605,52.761544539314386,33.60361498604978,175.4031660499741,23.93288023235027,1090.548094606192,4456.693904029526,0.43930959518886065,0.4000243083413868,-8.94250598614514,-84.13076551285496,0.0,1.0886104540418107,32.8206585434961,34.38657142860345,Significant
1992-03-02,1224,19.108782679738564,53.02819057403365,33.91940789429509,177.50690068949572,22.81675886033754,1089.6503598259937,4675.657956047987,0.4343565342543486,0.40055282904406697,-7.782478803573613,-85.1791824540825,0.0,1.1035009797241275,33.13882103195747,34.69999475663271,Significant
1992-05-13,1275,19.084321568627452,53.255837642192354,34.1715160735649,179.05544061749177,21.94800729054699,1088.9161706751233,4861.344126872601,0.4278152931173735,0.4014803007204339,-6.155692145795836,-85.97493122164401,0.0,1.115720647860316,33.39240594038318,34.95062620674663,Significant
1992-07-24,1326,19.139909502262448,53.47301886792453,34.33310936566208,179.37968495412014,21.196643765388888,1088.985089401648,5037.53545823045,0.4214632979698889,0.4024582959826063,-4.509289914169563,-86.4596955555348,0.0,1.1246546236625707,33.554703898567205,35.11151483275696,Significant
1992-10-05,1377,19.17511982570806,53.69603484411842,34.52091501841036,180.0297225372653,20.447992881706945,1088.7647742532074,5224.555718264315,0.41413349394527865,0.4036951699500591,-2.5205215583453406,-86.99277313662844,0.0,1.13467631949437,33.743047627369165,35.29878240945156,Significant
1992-12-15,1428,19.184131652661062,53.92651061585124,34.74237896319018,181.09956495409583,19.74379118657975,1088.131465506581,5411.2589837670375,0.40807907328448434,0.40477815975047315,-0.8088906660768703,-87.59197789953,0.0,1.1461065113424171,33.9648766988036,35.519881227576754,Significant
1993-03-02,1479,19.14216362407032,54.169996016994155,35.027832392923834,182.98784338505013,19.124890308797685,1086.681687252673,5582.028339544443,0.4027536429489195,0.40580433000939653,0.7574573474097468,-88.3442567275555,0.0,1.1601798836040664,34.250617016167936,35.80504776967973,Significant
1993-05-17,1530,19.129052287581697,54.41147172837856,35.28241944079686,184.4441580814837,18.49438490897122,1085.4775714032448,5769.227750725052,0.3970842940335036,0.4069676946950171,2.4889930954256267,-88.9921629439822,0.0,1.1732227228576253,34.50525478965401,36.059584091939705,Significant
1993-07-28,1581,19.073870967741936,54.66539434724091,35.59152337949898,186.5983231180078,18.002711208656592,1083.4672889479825,5918.356215296049,0.391912734804547,0.4080882518709542,4.127326220842037,-89.7648202941207,0.0,1.1886275027988298,34.814298214537054,36.36874854446091,Significant
1993-10-08,1632,18.991636029411765,54.92957311288793,35.937937083476164,189.23033817529034,17.657826935500594,1080.785980096951,6020.71906721466,0.3874571080894531,0.4091466711700714,5.597926229194586,-90.61622352433318,0.0,1.2057836782875573,35.1605208092697,36.71535335768263,Significant
1993-12-20,1683,18.879328579916816,55.20548034934498,36.326151769428165,192.41230754398057,17.561349905645244,1077.2850837599524,6034.409311061276,0.38535132935494854,0.409733804524227,6.327336462052179,-91.54958185032879,0.0,1.2249494743145255,35.54834902606653,37.1039545127898,Significant
1994-03-04,1734,18.733217993079585,55.49488388072008,36.7616658876405,196.23785887305093,17.76185830559643,1072.7971778761514,5939.89267011624,0.3828978252284508,0.41045358993049585,7.196636514089444,-92.58183049841051,0.0,1.2464466501339229,35.98331421527597,37.540017560005026,Significant
1994-05-19,1785,18.62390476190476,55.78134514254082,37.15744038063606,199.5147680127837,17.691648477471706,1068.6517330000297,5940.4305136451,0.38198603315638335,0.41085553513445544,7.557737579963571,-93.53858292202578,0.0,1.2666633832658698,36.37875603129074,37.93612472998138,Significant
1994-08-01,1836,18.579716775599127,56.05676794425087,37.47705116865174,201.70948578651436,17.282194143173466,1065.4957394408457,6065.280465048592,0.37900873437581845,0.41172963214591374,8.633283299917258,-94.30939216123355,0.0,1.2839500388643528,36.698088027196086,38.256014310107396,Significant
1994-10-17,1890,18.517285714285713,56.35753405420587,37.84024833992016,204.3509449699054,16.943709463056795,1061.549478496909,6165.153925186557,0.3764034012070194,0.4126282647658369,9.62394692573304,-95.186025475016,0.0,1.303660620879183,37.06097964956285,38.619517030277464,Significant
1995-01-11,1949,18.457265264238067,56.69023789294817,38.2329726287101,207.1432147794317,16.55936125454743,1057.0540034556493,6283.422568097956,0.3729225443532241,0.41376769374219147,10.95271659153965,-96.1312561915666,0.0,1.3254343190120255,37.45335815918194,39.012587098238264,Significant
1995-03-23,2000,18.416525,56.97997717871915,38.56345217871915,209.39592121053866,16.20281298086543,1053.1176020536875,6399.597343358572,0.3693694057833941,0.4149620961199885,12.343385679140658,-96.92163285980149,0.0,1.344206908350439,37.78351140471251,39.34339295272579,Significant
1995-06-07,2051,18.41493905411994,57.26302155172414,38.848082497604196,210.9596039575965,15.805653203600862,1049.818884402467,6542.04680995592,0.36695558866265465,0.41592742851165215,13.34544052795929,-97.56564613475018,0.0,1.3611824095915899,38.06757135971003,39.62859363549836,Significant
1995-08-25,2108,18.358842504743834,57.600931479067064,39.24208897432323,213.75034381488524,15.504203785340092,1044.5404851217893,6637.143677829161,0.3637201689534453,0.4171713839826745,14.695697294716359,-98.51496569493024,0.0,1.3840716693074753,38.461259227189295,40.02291872145717,Significant
1995-11-07,2159,18.312806855025478,57.90751897256275,39.59471211753727,216.2132349835357,15.229203517357991,1039.5905549295771,6726.296291494623,0.36040474505586134,0.41845171267114406,16.106049770872374,-99.36803871311672,0.0,1.404971918506065,38.813629605652324,40.37579462942222,Significant
1996-01-22,2210,18.298321266968326,58.2091427731216,39.91082150615327,218.1119290882672,14.90153249067472,1035.157783015054,6846.65319599074,0.35777926341313826,0.4195893213098483,17.27603140189154,-100.10623207929561,0.0,1.424485815724516,39.12930888780119,40.69233412450535,Significant
1996-04-02,2261,18.306187527642635,58.508056296296296,40.20186876865366,219.60808993105854,14.61404687455234,1031.0479383462152,6955.184283975403,0.3566294670029577,0.4203381631672728,17.864114454621525,-100.75328032481947,0.0,1.4431024738393714,39.419712573904775,40.98402496340255,Significant
1996-06-24,2316,18.335431778929188,58.828201643017174,40.49276986408799,220.84437580914616,14.34449290203934,1026.9240909990713,7059.012856098068,0.3589046707797299,0.42016339388878415,17.068243490943733,-101.36493624483563,0.0,1.4623701070827653,39.709707815525114,41.275831912650865,Significant
1996-09-04,2367,18.370891423743135,59.12639524382902,40.75550382008589,221.84826462700747,14.109863997927262,1023.1272232072993,7151.148723741041,0.3577492315702527,0.4209452384463466,17.66488962078564,-101.90349417379588,0.0,1.480176936726427,39.97152625817608,41.53948138199571,Significant
1996-12-09,2435,18.509067761806982,59.496668187347936,40.987600425540954,221.44605526874716,14.405578465003822,1020.3016303117847,6982.684203140148,0.35718534875701713,0.42172424594971675,18.068741457982803,-102.12763356742927,0.0,1.4981200357180717,40.200888619755865,41.77431223132604,Significant
1997-02-25,2486,18.598354786806112,59.78301302681993,41.18465824001382,221.44248086519292,14.528256245906654,1017.689383225612,6904.896981441572,0.3560478963723838,0.42255926422200263,18.68045522169181,-102.38360992707887,0.0,1.5129744405848722,40.39614049583862,41.97317598418901,Significant
1997-07-29,2591,18.589328444615976,60.46023676012461,41.87090831550863,225.24164033282057,13.974705340345032,1005.8177687864348,7097.4166487978455,0.3535136843755081,0.4244193424125492,20.057401218370916,-104.00888896461612,0.0,1.5597083626657846,41.08177865439517,42.660037976622085,Significant
1997-10-21,2649,18.59693469233673,60.838791260609874,42.24185656827314,227.14418944364962,13.688736144147194,999.1168682604614,7198.8247982824,0.3517969847937222,0.4256045440266729,20.980156858430195,-104.88214101929154,0.0,1.5858988052701297,41.45236427335875,43.03134886318754,Significant
1998-01-06,2700,18.590492592592593,61.18290920614799,42.5924166135554,229.10859624304095,13.461550739107762,992.405297240408,7272.146912891145,0.35083779197597403,0.4264736519097873,21.558640962770895,-105.74476407234691,0.0,1.6108500172853188,41.802866224683186,43.381967002427615,Significant
1998-05-08,2785,18.448412926391384,61.82795374237071,43.379540815979325,235.13968919203182,13.723991230292619,975.0440447117554,7004.668229163286,0.35692979429465443,0.4251509558269079,19.113327781186896,-107.93193295663835,0.0,1.66601467259333,42.591694627663756,44.167387004294895,Significant
1998-08-05,2847,18.323048823322797,62.322185269305635,43.99913644598284,240.1299962153559,14.161899415394785,960.305962431352,6680.912180377762,0.35937985612921236,0.42480011509147414,18.203652165395827,-109.73513941582853,0.0,1.7108335730285142,43.213168425790926,44.78510446617476,Significant
1998-10-16,2898,18.226490683229816,62.73504007852118,44.50854939529137,244.19703259851144,14.451897759837225,947.7058254933214,6457.656587683994,0.35974315471909074,0.42517909485098904,18.189627592217743,-111.26509116211797,0.0,1.7489983371481084,43.72441418673376,45.292684603848976,Significant
1999-01-12,2957,18.07840040581671,63.24113643871821,45.1627360329015,249.81599599027814,15.259762968173042,930.3917586289942,5997.0262812698475,0.36509951365331517,0.4235105392800527,15.99865884297027,-113.31739998283821,0.0,1.79915226545095,44.38148593352923,45.94398613227377,Significant
1999-03-25,3008,17.960422207446808,63.683944694319514,45.72352248687271,254.57932981060253,15.825189944727814,915.0093347533553,5681.980108606482,0.3664680902973047,0.42341066566329466,15.538208338901793,-115.1443395456423,0.0,1.843927212412077,44.945121227281525,46.501923746463895,Significant
1999-06-10,3059,17.913644982020266,64.09976982526882,46.18612484324856,257.82650537958676,15.702967645013237,902.488468758975,5647.247839777449,0.3671481440764285,0.4235665446640558,15.366658254408282,-116.65203726458097,0.0,1.8832202726763458,45.410010624865244,46.96223906163187,Significant
1999-08-23,3110,17.92391318327974,64.49352652092867,46.56961333764893,259.81833800161024,15.499026206677224,892.1670502225592,5656.278093382407,0.36620674046339274,0.4244628629779306,15.907987504768869,-117.84197671614945,0.0,1.9178429222491644,45.794957040290186,47.34426963500768,Significant
1999-11-03,3161,17.990199304017718,64.86370085470085,46.87350155068313,260.5502071353648,15.53360049824002,884.0794513893821,5591.400725089779,0.36637733769121295,0.4248436451401916,15.957948659546926,-118.66183213484719,0.0,1.9472766531897974,46.09917742566912,47.64782567569714,Significant
2000-01-20,3212,18.101905354919055,65.214062769443,47.11215741452395,260.2607653217101,16.077513092254094,877.763555274431,5359.572946622724,0.3664270184399997,0.4253168336824326,16.07136272132613,-119.139601773068,0.0,1.9722038069866947,46.33701180621618,47.887303022831716,Significant
2000-03-31,3263,18.2501593625498,65.54791231732776,47.297752954777955,259.1635065490727,17.253813218004744,872.8532519832622,4958.900551168713,0.36661689800822533,0.4257092474736095,16.118283086901897,-119.31515661548079,0.0,1.9932638739027153,46.520698713117575,48.074807196438336,Significant
2000-06-16,3314,18.373349426674714,65.89966473582588,47.526315309151165,258.6698494948979,18.097407914688777,866.6407176368759,4688.75605679124,0.36690098617319816,0.42598857790367145,16.104506108517402,-119.72344349769557,0.0,2.0181170376841076,46.74816877412815,48.30446184417418,Significant
2000-08-28,3365,18.538576523031203,66.23049238398866,47.69191586095746,257.2577015376985,19.659485398794686,862.2054704041047,4285.697046052722,0.36854976625188585,0.42571118354382304,15.509823238598974,-119.77254274952962,0.0,2.038050713783832,46.91137805736665,48.47245366454827,Significant
2000-11-07,3416,18.741293911007023,66.54144950848973,47.800155597482714,255.0525904159105,22.153697593239635,859.3134271977989,3778.8713422721125,0.3713354207226259,0.42469969336197216,14.370908257418154,-119.47379743109803,0.0,2.053239546465191,47.015890143852715,48.58442105111271,Significant
2001-01-22,3467,18.87737525237958,66.89606962481963,48.01869437244005,254.37166836203608,23.31038681904116,853.2698995953681,3560.4707859175123,0.37290804120733506,0.424172048997193,13.747091005032905,-119.81026330444513,0.0,2.0780449491246826,47.233055855129514,48.80433288975059,Significant
2001-04-03,3518,18.981173962478678,67.27542326597488,48.2942493034962,254.43236229204044,23.757537290740675,845.5132988239087,3458.9265355102325,0.3729208985030217,0.42475146894538607,13.898542733974567,-120.4803498370259,0.0,2.108315791005853,47.50849703717941,49.08000156981299,Significant
2001-06-14,3569,19.102020173718127,67.64876148474826,48.54674131103013,254.14454005144484,24.462887369548067,838.3991270818613,3327.2288238775877,0.37193799856612964,0.42575066550999935,14.468182103287292,-121.02125772089667,0.0,2.1370662495378046,47.76041127728287,49.333071344777395,Significant
2001-08-24,3620,19.191146408839778,68.04817659061399,48.85703018177421,254.58109245245407,24.694831595027168,829.2919663777153,3258.1600392233936,0.37155456206098997,0.426441066488811,14.772125020715407,-121.89494422368897,0.0,2.1717931050317434,48.07134635373689,49.642714009811534,Significant
2001-11-05,3671,19.246502315445383,68.476734082397,49.23023176695162,255.78793985567026,24.721994520362482,817.6909004761934,3207.544218581131,0.3756918902639891,0.4244598396146031,12.980836322111191,-123.12944490408849,0.0,2.2134972947292018,48.4464838468464,50.01397968705684,Significant
2002-01-18,3722,19.2431998925309,68.95376819814709,49.71056830561619,258.3279734308168,24.39849319787153,801.7353234871049,3186.0034305604026,0.3807322102488375,0.421736196174376,10.769770673917836,-125.00488520848285,0.0,2.2673828673033647,48.93104664931391,50.49008996191847,Significant
2002-04-01,3773,19.2724993373973,69.41667239404353,50.14417305664623,260.18510717675326,24.19421212387284,787.2712421042253,3153.965196607545,0.3810739374517043,0.42185890851817875,10.702639844437893,-126.66853601676901,0.0,2.318468461257094,49.368179411002174,50.92016670229029,Significant
2002-06-17,3825,19.352606535947714,69.86038372541458,50.507777189466864,260.9869481697363,24.35669066758279,775.3120711159859,3083.158507439917,0.38138074221830703,0.4220371543318806,10.660321199517027,-127.93186863214665,0.0,2.3637969562226164,49.73387521435043,51.2816791645833,Significant
2002-08-27,3876,19.43766769865841,70.29781304771178,50.860145349053376,261.6576542903023,24.588921113805387,763.5454080912593,3005.241602741849,0.3798815065691638,0.4234843262907371,11.478005369454513,-129.16897178556874,0.0,2.4091041880076474,50.0883079167556,51.63198278135115,Significant
2002-11-15,3934,19.55295119471276,70.78951349221981,51.23656229750705,262.0400459617663,25.16171625645293,750.8243471036891,2883.99496859096,0.3787729022676797,0.4247003813903028,12.12533389998582,-130.4428955815535,0.0,2.459358397416217,50.46660614265492,52.00651845235918,Significant
2003-01-30,3985,19.66904893350063,71.21737166732989,51.54832273382925,262.07836946315865,25.984907503880013,740.1338202546717,2748.321935123904,0.3782103586103498,0.42557029588892087,12.522115325604691,-131.45049611366971,0.0,2.5024645456550085,50.779619422479946,52.31702604517856,Significant
2003-04-11,4036,19.80908077304262,71.63220502512563,51.823124252083005,261.6129685462589,27.320183516646342,730.6538748111931,2574.4105667006284,0.378961331376758,0.4254260896616595,12.261081656034948,-132.21465794730378,0.0,2.541934921426769,51.05478958580724,52.59145891835877,Significant
2003-06-23,4087,19.88712503058478,72.10418155970756,52.21705652912277,262.56714557190736,27.492721908739444,716.4624320945939,2506.007635303812,0.37815328890908056,0.4265370027204903,12.794735688003659,-133.83225869383557,0.0,2.597951403095786,51.452238667495756,52.98187439074979,Significant
2003-09-29,4157,20.029776280971856,72.73504120313144,52.705264922159586,263.1345661720107,28.24807215879242,698.769938335413,2373.6907156261127,0.37714684436303264,0.4279111038520864,13.460078016770915,-135.7441849750903,0.0,2.6707284203864825,51.94416932627557,53.4663605180436,Significant
2003-12-09,4208,20.140408745247147,73.19775765146782,53.05734890622068,263.437299497417,28.915893201083474,685.7982824968567,2271.7001502521803,0.3767696198820822,0.42875126338255554,13.796665324752585,-137.15036173319888,0.0,2.7251967582030336,52.299024504526024,53.81567330791534,Significant
2004-02-23,4259,20.266341864287394,73.65431818181817,53.38797631753077,263.4317365957845,29.890334853510005,673.5143580700714,2153.28475365334,0.3768909512140431,0.42915700110426447,13.867684995318063,-138.4246853710048,0.0,2.778089483313936,52.63195096977862,54.14400166528292,Significant
2004-05-04,4310,20.423027842227377,74.08985747713254,53.66682963490516,262.7760685119457,31.599545367059395,663.1326056179809,1998.5510959574003,0.3762896453909315,0.43014179976947803,14.311356966147423,-139.3151001125798,0.0,2.8242935406829317,52.911712732953234,54.42194653685709,Significant
2004-07-14,4361,20.609750057326302,74.5033440860215,53.8935940286952,261.49562162951725,34.20772275861525,654.6155557538099,1813.6484482555752,0.3763072805246697,0.43070965296964264,14.456901383656978,-139.79648657841014,0.0,2.8629460055151132,53.13789766505512,54.649290392335274,Significant
2004-09-23,4412,20.852552130553036,74.86806044792345,54.01550831737042,259.0354791067862,38.8985845529381,649.70326961705,1570.2491288156048,0.3756633671588442,0.4318217456883328,14.949122921997027,-139.42697090250783,0.0,2.884613511426982,53.256095159402555,54.77492147533828,Significant
2004-12-03,4463,21.141884382702216,75.1898504837291,54.04796610102689,255.6440340069575,45.85671018654,647.4946161641367,1311.9953514550011,0.3757543650347664,0.43235507697239667,15.063221403267887,-138.3373831144598,0.0,2.890993624332564,53.28211164774233,54.81382055431144,Significant
2005-02-15,4514,21.381081081081085,75.56270180120079,54.1816207201197,253.4091728788306,50.43621261341111,642.3494500162623,1173.5877987901495,0.37642981104027773,0.43236059990866993,14.858225153269714,-138.0618011573338,0.0,2.9135194485125395,53.41233990919072,54.950901531048686,Significant
2005-05-16,4577,21.791273760104872,75.90911366711772,54.11783990701285,248.34638168830202,61.90016448294987,642.8074322167182,938.4583588526274,0.3758855788562091,0.4335901625045415,15.351635416267639,-135.93477306854976,0.0,2.9020907641124944,53.33744158019616,54.89823823382954,Significant
2005-07-26,4628,22.14431503889369,76.16604608715492,54.02173104826123,243.9530459776195,72.57410744081983,644.3705485574372,787.8793984244116,0.37519416585532483,0.4348288749088691,15.894359369260416,-133.93010115829645,0.0,2.884710757271612,53.23105835160555,54.812403744916914,Significant
2005-10-05,4679,22.58928617225903,76.32142197599262,53.73213580373359,237.8655766011757,89.81685866092675,649.8154644748621,623.4894140842993,0.37465166142774037,0.4360082578975717,16.376971674437712,-130.62755934781416,0.0,2.8357495822638237,52.92581895715297,54.53845265031421,Significant
2005-12-15,4730,22.956441860465116,76.55587479560849,53.59943293514337,233.48319073545397,101.27518321347253,652.8256868104885,544.6057820842764,0.37374738530801727,0.4375431215341217,17.069212717977504,-128.52990454241504,0.0,2.812055416121467,52.78198057405608,54.41688529623066,Significant
2006-02-28,4781,23.359165446559295,76.74692671394799,53.38776126738869,228.55166375497578,115.31979878036228,657.5433836006814,470.19123390341366,0.37301620329398627,0.4389575424292541,17.677875264656347,-125.9874206640852,0.0,2.7760599195418307,52.55710572419,54.21841681058738,Significant
2006-05-12,4832,23.81573261589404,76.87055515673606,53.054822540842025,222.77216240425258,133.9067671717118,664.0026201799991,395.8693531362257,0.3723201779811174,0.44036973691793163,18.277161153555703,-122.81906316398248,0.0,2.722575049190588,52.208052413519134,53.901592668164916,Significant
2006-07-28,4887,24.3387927153673,76.95829049466538,52.61949777929807,216.1960060823994,156.54011286881305,672.157383518794,329.38347954437023,0.37154374946323915,0.44196667089084524,18.954139728994093,-119.15398433330648,0.0,2.6559448065921463,51.753843316880584,53.48515224171556,Significant
2006-10-09,4938,24.779979748886184,77.08228087404862,52.30230112516244,211.06676298842953,174.0935570585325,678.707898160776,289.85239294788244,0.3714137817024317,0.44282798362832454,19.227666135207727,-116.40228505920209,0.0,2.608032680725326,51.42152459533162,53.183077654993255,Significant
2006-12-19,4989,25.135472038484664,77.30452511188463,52.169053073399965,207.55151521930622,184.61881463780057,683.2877889189166,270.1073426668042,0.3707922800880873,0.4444105269572755,19.85430949417261,-114.69390205019381,0.0,2.5853191141785676,51.27743457933412,53.06067156746581,Significant
2007-03-07,5040,25.45490873015873,77.56910853689247,52.11419980673374,204.7314345503401,192.8498206703743,686.3965972907358,255.92286002896992,0.3703510262217498,0.445710548131277,20.34813368234201,-113.42148057241386,0.0,2.5726663184405765,51.21352668171481,53.01487293175266,Significant
2007-05-21,5091,25.853036731486938,77.73006632653062,51.87702959504368,200.66126132046062,206.67023981377824,693.2002311259902,235.41366756558824,0.36928744108502454,0.44778694265289043,21.257019014029293,-111.25341787011601,0.0,2.536431784050858,50.96298332334567,52.79107586674169,Significant
2007-08-13,5149,26.386828510390366,77.79748575867427,51.410657248283904,194.83454492471455,229.48140833519318,703.1402576241172,206.4040188375835,0.36805081329431244,0.45017129987643545,22.31226874547217,-107.99164104807602,0.0,2.4721289298569,50.477468577251024,52.343845919316784,Significant
2007-10-24,5200,26.874634615384615,77.8198819207557,50.94524730537109,189.56628819134548,251.49217628501043,712.1962157078383,183.18821930298236,0.36726763518668776,0.4520637987554733,23.08838444903602,-105.0377346921938,0.0,2.4114388856321654,49.99450072853594,51.89599388220624,Significant
2008-01-09,5251,27.503806893924963,77.63222872340425,50.128421829479294,182.2599395887689,289.5136049524172,719.0943726851018,148.38016603858324,0.3667679505163145,0.4536769611447213,23.695911953610274,-100.98997530714871,0.0,2.3153179819947907,49.15542324455009,51.101420414408494,Significant
2008-03-25,5302,28.166001508864582,77.3749069830143,49.20890547414972,174.71029907692926,332.2512370556476,723.5785865406982,117.78055454448422,0.3660491462578982,0.4555754103352239,24.457443759273357,-96.9264383874449,0.0,2.2155453662468987,48.21371114358472,50.204099804714716,Significant
2008-06-05,5353,28.993571828881006,76.84993985784581,47.85636802896481,165.05854577494395,401.13643738913146,712.3950629988431,77.59420401586908,0.3654466907643473,0.45740071623460826,25.162090065157024,-92.1531159992394,0.0,2.083697845768351,46.83839527712529,48.87434078080433,Significant
2008-08-18,5404,29.937537009622503,76.11234266703632,46.17480565741381,154.23715599106345,491.7378817171197,682.1742284260853,38.72720686963817,0.3656269929748082,0.45836113948536744,25.363047119704486,-87.24344615970995,0.0,1.9375146527949558,45.137328110032584,47.21228320479504,Significant
2008-10-29,5455,30.50526672777269,75.9036670416198,45.398400313847105,148.82151570409107,523.9710246400643,684.7805375476167,30.69053541997262,0.36853080442727854,0.45546522468158296,23.589458251503917,-84.50345701562048,0.0,1.8731108411816166,44.34529327293967,46.45150735475454,Significant
2009-01-28,5516,30.675335387962292,76.42761659513592,45.752281207173624,149.15006023089114,521.3789861250284,679.754760974882,30.376324912311386,0.3786092384004647,0.44420257953735054,17.324812625809756,-85.10455100112587,0.0,1.8951868236598564,44.69846127026118,46.80610114408607,Significant
2009-04-13,5567,30.812929764684746,76.88272067363532,46.06979090895057,149.51447739887425,518.7656482780341,675.4384209141122,30.201069241213297,0.38176860892407294,0.44063724903471896,15.41997920587388,-85.65197506466708,0.0,1.9151876619834425,45.0154396964133,47.12414212148784,Significant
2009-06-24,5618,31.069490922036312,77.15038903625111,46.080898114214804,148.31558788602976,521.7797471504427,679.8635030915308,30.297027970981855,0.381683736466904,0.44158136330907743,15.692999496552346,-85.09475781785879,0.0,1.9112640217033636,45.01938693856239,47.14240928986722,Significant
2009-09-04,5669,31.405022049744225,77.28444045481749,45.87941840507326,146.08943223285183,529.6827772975025,688.7162588158186,30.024287806698513,0.38186303531343274,0.44223600540108843,15.81011108815537,-83.83190176993273,0.0,1.890973460134297,44.806627635930845,46.952209174215675,Significant
2009-11-17,5720,31.764818181818182,77.37007292616227,45.60525474434408,143.57159069290063,539.5336549765534,698.5949076542546,29.48124759420495,0.3815328612103,0.44361450537970776,16.271637513076104,-82.36257730815038,0.0,1.8655283571195327,44.519850787883236,46.690658700804924,Significant
2010-02-02,5771,32.15100502512563,77.40006790123456,45.24906287610894,140.73918635124264,551.5729201335969,709.3974967536467,28.613546977945003,0.38070457669658037,0.4456976984974707,17.071799442193083,-80.68280029914445,0.0,1.8346158949793352,44.149715184820174,46.3484105673977,Significant
2010-04-22,5826,32.58956059045657,77.37924332810047,44.7896827376439,137.43567549284472,566.7269812317788,721.3006751496297,27.274807629925355,0.3801449266593402,0.44769561830112803,17.769720678745806,-78.71861543383507,0.0,1.7968315201103395,43.674343497439345,45.905021977848456,Significant
2010-07-14,5883,33.013955464898864,77.39724104859336,44.383285583694494,134.43795194696904,579.8916590371186,733.9712908507354,26.570416975725834,0.3799516163946059,0.4491438982654842,18.21081392611246,-76.88760529593078,0.0,1.7635586975058861,43.25174650687822,45.51482466051077,Significant
2010-09-24,5934,33.392748567576675,77.40237244068898,44.009623873112304,131.79395455887774,591.5254317328271,746.0146874776278,26.117094457331557,0.37926932813313535,0.4512940781208619,18.990396703643704,-75.2402613134481,0.0,1.7338537522716673,42.86304534577103,45.15620240045358,Significant
2010-12-07,5985,33.823604010025065,77.29193654990085,43.46833253987579,128.5147866767601,608.159682045706,757.7122214386173,24.590998681440354,0.37812497916834564,0.4543085040206011,20.14771016181336,-73.2643418392404,0.0,1.694088414160476,42.305313644145,44.631351435606575,Significant
2011-02-18,6036,34.34905732273028,76.97101176470588,42.621954441975596,124.08478649505987,635.553812450069,764.3355682765931,20.262919253063494,0.37686972154380427,0.45759252357975816,21.41928561023211,-70.8192151697249,0.0,1.6368060111543863,41.442207952930595,43.8017009310206,Significant
2011-05-06,6087,35.046318383440116,76.26290355677153,41.21658517333142,117.60603416993108,688.037308477649,747.871060639344,8.69629472478507,0.37653944993946264,0.4594252895624978,22.012524753079905,-67.86945209984994,0.0,1.5496155201456996,40.026154505510874,42.40701584115196,Significant
2011-07-22,6140,35.73190553745929,75.55756530825496,39.825659770795674,111.4568595538369,736.2003159969396,733.9861346625454,-0.3007579983711121,0.37594988001793417,0.4618603663241147,22.851579657927353,-64.98673679674995,0.0,1.4684972365360192,38.6243785397085,41.02694100188285,Significant
2011-11-09,6216,36.65820463320463,74.58041860465117,37.92221397144654,103.4480939557443,796.7404005412238,717.3980554796823,-9.9583684984023,0.3749319396299777,0.46580910554540733,24.238310026378873,-61.129275877152644,0.0,1.364732247767828,36.70616552955729,39.13826241333579,Significant
2012-01-26,6267,37.2512286580501,73.93083819241981,36.67960953436971,98.46550263099346,833.1793081933184,707.4808650645853,-15.086601634562916,0.3739661509563316,0.4690983036522298,25.438706806115956,-58.67608222924223,0.0,1.300967387477018,35.454231650228465,37.904987418510956,Significant
2012-04-12,6318,37.931818613485284,73.02875603416264,35.09693742067736,92.52637680862449,883.6022272287684,676.5659374935789,-23.430937966794747,0.3728360985116774,0.4728097036186266,26.814357704641083,-56.12198928895942,0.0,1.2243419706895997,33.87107252862315,36.32280231273156,Significant
2012-07-03,6374,38.5315563225604,72.32443306788015,33.79287674531975,87.70182149516205,917.2924261668413,664.9760808336254,-27.506642171634315,0.37208563710794446,0.4759183080781143,27.905584256682104,-53.694778104411206,0.0,1.1635672180397816,32.559205180056736,35.02654831058277,Significant
2012-10-02,6437,39.23008078297344,71.40467754467755,32.174596761704116,82.01511727620115,957.9790858853313,645.1065638874318,-32.659640132827484,0.371060166751151,0.48038477164531296,29.462770378012515,-50.907643000334325,0.0,1.0916861081693925,30.935695870541014,33.413497652867214,Significant
2012-12-13,6488,39.787675709001235,70.62117717003566,30.83350146103443,77.49510598845791,989.7440850546774,627.0324321188759,-36.64701395166851,0.370075329627711,0.4842842157480088,30.86098342064299,-48.686577771569716,0.0,1.0345847058795221,29.592077738719794,32.074925183349066,Significant
2013-02-28,6539,40.36180302798592,69.73860841423948,29.376805386253558,72.78367957418645,1024.0270582505811,601.2550863670357,-41.28523445521031,0.368815797247481,0.488882990376301,32.554785891736934,-46.45872921193773,0.0,0.9748666901587821,28.13731351666473,30.616297255842387,Significant
2013-05-24,6599,40.94618730110623,68.87055555555554,27.924368254449313,68.19772509977966,1052.074760605107,584.7883349048343,-44.415705346976495,0.36769798272610466,0.4937852370035249,34.29098341595789,-44.048965197466664,0.0,0.9171472005577136,26.68170319055069,29.167033318347936,Significant
2013-08-07,6650,41.44125263157894,68.07934773401101,26.638095102432068,64.27917452025422,1075.7999977538846,567.588118472674,-47.24036812997618,0.3666083800634167,0.4984232288061133,35.9552197688157,-42.00442888018532,0.0,0.8676081559384918,25.39497089523817,27.881219309625966,Significant
2013-10-18,6701,41.97198328607671,67.12788311688311,25.155899830806405,59.93498010171783,1104.3965916630043,538.0468205060379,-51.28137622230027,0.36552789498696037,0.5032301558979593,37.672162042765905,-39.88824319582186,2.4479610862605386e-307,0.8122240819370582,23.919663819832763,26.392135841780046,Significant
2014-01-22,6766,42.613459946792794,65.92293986636972,23.309479919576923,54.69980599716888,1136.2616894460673,501.8649198738333,-55.831924587856626,0.36409330413734514,0.5097642903789847,40.00924614276588,-37.254188593845626,1.5550870224594386e-272,0.7452622272922428,22.08299018557516,24.535969653578686,Significant
2014-04-04,6817,43.10334751356902,64.94263901549681,21.83929150192779,50.667274728610664,1159.621674385232,471.1566386776563,-59.36979714289682,0.36293146395181475,0.5151961006276445,41.95410202738594,-35.20382987369852,1.8732778072083008e-246,0.6933865668396422,20.623231303966477,23.0553516998891,Significant
2014-06-17,6868,43.59457192778102,63.888077461502576,20.293505533721557,46.55053286757782,1183.2858016079026,434.45321189502397,-63.28416927637692,0.3617363470284513,0.5209633603399926,44.01742169940632,-33.13822625361235,3.0876477531976835e-221,0.6400616821945523,19.093082671571775,21.49392839587134,Significant
2014-08-28,6919,44.05590836826131,62.856998087954125,18.80108971969281,42.67552393321542,1203.377867514586,399.86021786130675,-66.77184875544006,0.3605472177526123,0.5269576790972199,46.15497032036158,-31.11716625197652,1.9407361853856757e-197,0.589587241579202,17.61671419450313,19.985465244882494,Significant
2014-11-10,6970,44.40309038737447,62.14117099461048,17.738080607236014,39.94785149521854,1211.1924411871225,387.9187027947661,-67.9721661394653,0.3596067422836869,0.5326352741273855,48.11604219233458,-29.40723652366508,1.0563710650479118e-177,0.5541066865797788,16.55569576915661,18.92046544531542,Significant
2015-01-26,7021,44.534456630109666,62.132286432160804,17.597829802051137,39.51508816693023,1205.783108753852,394.2229144779958,-67.30565293078158,0.35977507975424167,0.5359149928923389,48.95834176686624,-28.936853453673308,6.160855397237133e-172,0.5492333506223958,16.40572551235684,18.789934091745433,Significant
2015-04-08,7072,44.61628535067873,62.29669932955131,17.68041397887258,39.6277140508373,1198.1320081058072,403.09040788220284,-66.35676159595548,0.36054203022499776,0.5378856504743692,49.188057253324786,-28.783675049453873,1.2569051896551621e-169,0.5516774124254792,16.476341502573796,18.884486455171363,Significant
2015-06-19,7123,44.742760073002955,62.2971345338983,17.554374460895346,39.23399994156232,1191.8160760933677,413.81346115412214,-65.27874816804336,0.3601886943822837,0.5426790743517098,50.66521598696856,-28.23647405937483,4.5526256289424735e-163,0.547277605132047,16.335717885285177,18.773031036505515,Significant
2015-09-01,7174,44.80301923613047,62.549161676646705,17.746142440516238,39.6092556775844,1184.1000964454688,421.97652369770265,-64.3631036797964,0.36059423571140664,0.5459241516336294,51.39569565126031,-28.244585720089184,1.7990097080796616e-162,0.5532765215463498,16.514526796861233,18.977758084171242,Significant
2015-11-11,7225,44.82463667820069,62.96846024636058,18.14382356815989,40.477346639562775,1175.8248577341194,427.621813033993,-63.63218465562598,0.36100679820568,0.549106029188897,52.10406893114775,-28.610266935109454,1.309107181688428e-165,0.5660060827531666,16.900702728995252,19.386944407324524,Significant
2016-02-09,7287,44.75124468231097,63.93117749419954,19.17993281188857,42.85899296890375,1166.682727670976,415.2983500346412,-64.40348861050747,0.3623745762618685,0.5506803469684158,51.964399006421736,-30.288413686798982,6.429851123104808e-183,0.5996722057599044,17.938632125150452,20.421233498626687,Significant
2016-04-22,7338,44.698961569910054,64.74518230723251,20.046220737322457,44.847173252492176,1159.0652962910128,405.10794280466285,-65.04873848772796,0.36422865072394606,0.5504227614420806,51.12011653889732,-31.69195781018014,1.1959422115899259e-197,0.6279373082200098,18.806311539468474,21.28612993517644,Significant
2016-07-05,7389,44.71592502368385,65.2982120838471,20.582287060163253,46.02898642768056,1151.1374749597271,407.66909217461017,-64.58554247060087,0.36435532690564953,0.5545452302078596,52.19901817202198,-32.25731003784175,1.081552933073283e-202,0.6452906572892964,19.331532989147924,21.833041131178582,Significant
2016-09-23,7447,44.72307506378407,66.02744884910486,21.304373785320784,47.636200674789194,1142.2256666104,407.685314984586,-64.30781351688512,0.3645827206424236,0.5600148599614352,53.60433401085074,-33.10875882594772,1.2968289411046176e-210,0.6687766887563427,20.043033358423532,22.565714212218037,Significant
2016-12-05,7498,44.74018671645773,66.66077329808328,21.920586581625557,48.99529526004871,1134.5518159448575,408.86215687515954,-63.962672208614975,0.3650335563041476,0.5639660847863501,54.49705240699873,-33.76209090285052,3.029240595181896e-216,0.6888099062527047,20.64787710143318,23.193296061817932,Significant
2017-02-17,7549,44.80427473837594,67.09452804377565,22.290253305399716,49.75028261378725,1127.4973943500518,417.5102013855922,-62.97018481126807,0.3644559700050791,0.5716079783690289,56.83869257541942,-33.79904142035345,1.4012355757210138e-214,0.7005642248583503,20.997495814469296,23.583010796330136,Significant
2017-05-02,7600,44.85496973684211,67.62714386959604,22.772174132753932,50.76845278539953,1120.3424202912277,424.303065524677,-62.1273766091637,0.3639040196853056,0.5795020421612935,59.24584802949725,-34.01772114135116,8.819881718170862e-215,0.7160476219186217,21.459956945151756,24.084391320356108,Significant
2017-07-12,7651,44.87767350673114,68.353375,23.475701493268858,52.31042444690848,1112.994164652081,425.3767289247608,-61.78086620447535,0.36370625362124376,0.5868113570952163,61.34211365700343,-34.67915943688456,1.1526774872852958e-219,0.7389505900417703,22.148745688120286,24.80265729841743,Significant
2017-09-21,7702,44.92362892755129,68.99761650114591,24.07398757359462,53.58869741449192,1105.9841678835833,430.6273271892076,-61.06387960206897,0.3629486351538262,0.5965442685329335,64.36052122915518,-35.019856916459496,1.18468957474929e-220,0.7582855296262278,22.726452408678686,25.421522738510557,Significant
2017-12-01,7753,45.022095962853086,69.36674085850555,24.344644895652465,54.07266004616665,1100.2255282818116,444.27146415077164,-59.619964022778426,0.36220098258708067,0.6068559607725008,67.54674612916048,-34.5996433689739,2.7810936894699125e-213,0.7665173231035927,22.965409912237224,25.723879879067706,Significant
2018-02-16,7805,45.164885329916714,69.49232172470978,24.327436394793068,53.8636071299374,1095.983256332954,462.74724572545296,-57.77789094390391,0.3613764222927421,0.6183174641672889,71.10066568382962,-33.60307122380665,3.276088823224754e-200,0.7649968198036233,22.90830105276811,25.746571736818026,Significant
2018-05-02,7856,45.31679989816701,69.53323809523809,24.216438197071078,53.43810298054738,1092.5001654677833,482.4743583098127,-55.83759402880929,0.360869931033895,0.6292282701196278,74.36428364005951,-32.453654565587904,2.865922535108088e-186,0.7603513626966886,22.75374547701707,25.679130917125086,Significant
2018-07-16,7907,45.51296319716707,69.24698369565218,23.73402049848511,52.1478252155694,1091.4089283673527,502.72413332339664,-53.93805930510155,0.3605937109512132,0.6398044861768937,77.4308499416554,-30.81049801704902,1.3450442797604473e-168,0.7433835908312946,22.224013231364477,25.24402776560574,Significant
2018-10-02,7963,45.721136506341836,68.93345419847327,23.212317692131435,50.769336604114656,1089.9566016094723,526.8797956979957,-51.66047942459502,0.3598335361503724,0.6548858403831855,81.99688872509995,-29.02388941165425,1.953574403803845e-150,0.7252017246194653,21.644594663741294,24.780040720521576,Significant
2018-12-12,8014,45.882582979785376,68.82311935807422,22.940536378288847,49.99835425219157,1087.663171263237,548.9938546172656,-49.5253798122399,0.35999535321704196,0.6657807777007991,84.94149209181555,-27.690170556654753,3.1062489179043543e-137,0.7154573986546799,21.316542530011976,24.56453022656572,Significant
2019-02-28,8065,45.973592064476136,69.28398520084566,23.310393136369527,50.70387605057623,1082.1905412001354,573.5736606093046,-46.99882887784079,0.3599039855581925,0.6787844776805897,88.60154511149135,-27.088663996669634,2.6124344052955638e-130,0.7267346432926537,21.623574252386884,24.99721202035217,Significant
2019-05-13,8116,46.118486939379,69.29835754189945,23.179870602520452,50.26155917254942,1078.761925104081,605.8170426013273,-43.84145115773557,0.35929390653275983,0.695432778827566,93.55540580651557,-25.758457166175067,3.970553828966674e-118,0.7216174094867551,21.41587457439061,24.943866630650295,Significant
2019-07-24,8167,46.24363046406269,69.48808056872038,23.244450104657687,50.26519300365408,1074.6041734578423,640.9925400836552,-40.35082350172895,0.35920136284892645,0.7110221705007671,97.94528752938226,-24.62456507833239,5.4086994477124134e-108,0.7228575988627501,21.394086189894352,25.094814019421023,Significant
2019-10-07,8220,46.338661800486626,70.05798988621999,23.71932808573336,51.18690778740673,1069.114219574134,678.3196115239482,-36.55312041456648,0.3598973888702366,0.725097456581932,101.47338630549798,-23.867655379248102,7.482359907076838e-101,0.7373346513823915,21.77128272051562,25.667373450951096,Significant
2019-12-24,8276,46.452101256645726,70.58786394557823,24.13576268893251,51.95838731941001,1063.8309524059393,725.3935933874586,-31.813076904096217,0.3592111829505137,0.7492495457750684,108.58190984501948,-22.852371236366807,3.312757975835717e-92,0.7497686403721,22.06544878382299,26.206076594042027,Significant
2020-03-04,8327,46.539824666746725,71.31951754385965,24.77969287711292,53.24406152053752,1058.7650171443686,769.3762965458118,-27.332667391965504,0.35917353815815634,0.7707784631170842,114.59778664921696,-22.146208156416492,4.663362162434012e-86,0.7695610352269384,22.586367900064328,26.973017854161515,Significant
2020-05-19,8378,46.40740749582239,75.06857819905214,28.66117070322975,61.75990482943878,1055.6294299022097,636.730018228448,-39.68243019830996,0.40503675037663633,0.408189702742646,0.7784361204453129,-26.939608618597745,3.0226938022372717e-114,0.8946823518894417,26.575676023157975,30.746665383301526,Significant
2020-07-30,8429,46.37166923715744,78.0977147766323,31.72604553947486,68.41687189913125,1049.5207026357182,577.5341932197124,-44.97162449779986,0.4052095269629478,0.40625389849484533,0.2577361741035796,-30.020677509680446,7.262858653628726e-130,0.9938284445607938,29.654464646934667,33.79762643201505,Significant
2020-10-15,8483,46.34614405281151,81.75251893939394,35.40637488658243,76.39551382362426,1042.9721312393265,491.968383965485,-52.830150563956444,0.4050540725080323,0.4088072987510792,0.9265988167474681,-34.47589819776565,5.894819330999403e-151,1.1136833574486757,33.393242589791804,37.41950718337305,Significant
2020-12-28,8534,46.3352390438247,85.73320754716981,39.39796850334511,85.02808945494337,1036.8867581228583,377.98003359759,-63.54664280968626,0.404829056536311,0.41346682701763077,2.1336834255979324,-41.21181320771736,2.7925605384278155e-181,1.2445839824295508,37.524016132503604,41.27192087418662,Significant
2021-03-10,8585,46.41047757716948,88.93361502347418,42.523137446304695,91.6240031695406,1031.8445964867117,323.8614927832091,-68.6133460517298,0.40423463468533627,0.4263271211033131,5.465263122536258,-45.31875081696892,5.243035172827657e-191,1.345746090647968,40.68383218801729,44.3624427045921,Significant
2021-05-25,8636,46.52563802686429,92.06469333333334,45.539055306469045,97.87948588727448,1028.0254933160938,284.9351329939394,-72.28326195736388,0.4042082411667531,0.42985453325293965,6.344821672155463,-48.57608902930951,1.9569616997947506e-191,1.4421084850822048,43.701383663686315,47.376726949251776,Significant
2021-08-13,8693,46.70206603013919,95.40443396226415,48.70236793212496,104.2831122303987,1026.04427506835,261.35667586155586,-74.52773898629808,0.40354834448799226,0.45068660971560826,11.680946253768763,-50.235130626879595,2.5436467001862427e-178,1.540768943339961,46.801950594014336,50.60278527023558,Significant
2021-12-07,8774,46.98896854342375,101.42810126582278,54.43913272239902,115.85513453458842,1025.7045364829953,196.9026654473289,-80.80317884500326,0.40310762203206113,0.47902908606552946,18.83404328867538,-55.92064457901132,5.386330137740386e-163,1.7180895945031647,52.53083790169942,56.347427543098625,Significant
2022-02-18,8825,47.20880679886686,105.92446236559142,58.715655566724564,124.37436899619733,1028.5297250153662,135.83180106073814,-86.79359499710047,0.4026387717664519,0.5168333268414883,28.361539693269833,-63.80531826614824,3.787169255789288e-156,1.8473561415325548,56.911792870718216,60.51951826273091,Significant
2022-05-05,8876,47.56791798107256,104.49503703703704,56.927119055964475,119.67544822671444,1045.3923270449905,149.8710520508568,-85.66365486204617,0.40494865706753,0.4275066929359401,5.570591598393245,-51.37263090866001,5.663575390025994e-103,1.7720017169658338,54.75494890848806,59.09928920344089,Significant
2022-07-18,8927,47.965809342444274,96.7725,48.80669065755572,101.75308480486196,1067.2384394048288,53.957315361445765,-94.94421177412458,0.4052262034625156,0.40473115244424657,-0.12216658598061637,-55.91523621811799,4.0418639359158946e-86,1.5005705622392798,47.095668475495756,50.51771283961568,Significant
